<?xml version="1.0" encoding="UTF-8" standalone="no"?>
<properties>
<Edit>true</Edit>
<Files>true</Files>
<Help>Tests for the Fit Fixtures</Help>
<Properties>true</Properties>
<RecentChanges>true</RecentChanges>
<Refactor>true</Refactor>
<Search>true</Search>
<Suite>true</Suite>
<SymbolicLinks>
<ArraysAndSymbolsComparison>.HsacExamples.FitTests.ArraysAndSymbolsComparison</ArraysAndSymbolsComparison>
<ReturnArrayAsSymbol>.HsacExamples.FitTests.ReturnArrayAsSymbol</ReturnArrayAsSymbol>
<SuiteSetUp>.HsacExamples.FitTests.SuiteSetUp</SuiteSetUp>
</SymbolicLinks>
<Versions>true</Versions>
<WhereUsed>true</WhereUsed>
</properties>
